{
    "InsuredCount": 144297.25,
    "ChildLessThan18": 25090.04296875,
    "AdultLessThan40": 87711.7578125,
    "MiddleLessThan55": 26656.111328125,
    "OldGreaterThan55": 2645.291015625,
    "ActiveWeight_P1": 2594158,
    "ActiveWeight_P3": 500562.28125,
    "ActiveWeight_P4": 439773.84375,
    "ActiveWeight_P5": 368564.53125,
    "ActiveWeight_P6": 1103863.25,
    "ActiveWeight_P7": 91129.6953125,
    "ActiveWeight_P8": 260567.390625,
    "ActiveWeight_P9": 0.302214741706848,
    "ActiveWeight_P10": 82128.9765625,
    "ActiveWeight_P11": 64046.15234375,
    "ActiveWeight_P12": 65769.125,
    "ActiveWeight_P13": 1017053.125,
    "ActiveWeight_P14": 28.7541580200195,
    "ActiveWeight_P15": 42658.17578125,
    "ActiveWeight_P16": 81485.25,
    "ActiveWeight_P17": 891570.3125,
    "ActiveWeight_P18": 937760.125,
    "ActiveWeight_P19": 630880.25,
    "ActiveWeight_P21": 334014.6875
  }
  